<?xml version="1.0" encoding="UTF-8"?>
<teamcity-plugin xmlns:xsi="http://www.w3.org/2001/XMLSchema-instance" xsi:noNamespaceSchemaLocation="urn:schemas-jetbrains-com:teamcity-plugin-v1-xml">
  <info>
    <name>cxplugin</name>
    <display-name>Checkmarx</display-name>
    <version>2019.4.1</version>
    <description>Add a Checkmarx Scan (CxSAST, CxOSA) inside your build process</description>
    <download-url>https://www.checkmarx.com/plugins/</download-url>
    <email>support@checkmarx.com</email>
    <vendor>
      <name>Checkmarx LTD</name>
      <url>https://www.checkmarx.com/</url>
      <logo>https://www.checkmarx.com/wp-content/themes/checkmarx/images/assets/cx-logo-alpha.svg</logo>
    </vendor>
  </info>
  <deployment use-separate-classloader="true" />
</teamcity-plugin>
